VideoId,Title,PublishedAt,ChannelId,ChannelTitle,CategoryId,ViewCount,LikeCount,DislikeCount,CommentCount
u1nGsjRQ73s,RODRYGO E BELLINGHAM S√ÉO DECISIVOS E D√ÉO SHOW PRA MANTER O REAL 100% | REAL MADRID 4X2 NAPOLI,2023-11-29T22:32:59Z,UCs-6sCz2LJm1PrWQN4ErsPw,TNT Sports Brasil,Sports,1615435,82956,0,1936
45mo7Pt5tF8,X1 DOS CRIAS - QUARTAS DE FINAL - DIA 2,2023-11-30T01:03:07Z,UCwMAj7T9AklzXiVN5E3QYjQ,BUXEXA,Gaming,637217,82789,0,423
4GXYnHNZ-TI,BENFICA ABRE 3 A 0 E INTER BUSCA O EMPATE! BENFICA 3 X 3 INTER DE MIL√ÉO | CHAMPIONS,2023-11-29T22:24:39Z,UCiQ7Ll2Gsb5eQhgQQhZ2lGQ,Melhor Futebol do Mundo - TNT Sports Brasil,Sports,191925,9088,0,174
y0lJTueAbhg,Z√© Felipe e Leonardo - Fica Aqui (Videoclipe Oficial),2023-11-29T00:00:09Z,UCe1HjlqnaxERsqpw0ZnLXvA,Z√© Felipe,Music,2341482,136613,0,9965
jWwacngIRxU,VEJA O QUE PIQUEREZ FALOU NA ZONA MISTA AP√ìS PALMEIRAS 4 X O AM√âRICA MG PELO BRASILEIR√ÉO 2023,2023-11-30T03:38:44Z,UCCqgWX3afPoiYKa965Z8jMw,Nosso Palestra,Sports,102770,3253,0,87
05gf3favZkA,ALEXANDRE CORREA - ENTREVISTA COMPLETA,2023-11-29T23:51:24Z,UCnUfJUKJwpnJfbxUGsNo0Rw,Chupim Metropolitana,Entertainment,179498,8246,0,5428
f0UdnDKaOyE,FLAMENGO 0 X 3 ATL√âTICO-MG | MELHORES MOMENTOS | 36¬™ RODADA BRASILEIR√ÉO 2023| ge.globo,2023-11-30T00:33:54Z,UCgCKagVhzGnZcuP9bSMgMCg,ge,Sports,1298433,38708,0,4783
MrKtIQ3SU4E,REP√ìRTER DOID√ÉO | FILA DO RBD,2023-11-29T13:12:00Z,UCio9eHYbIrKYK0j71nfUEqA,DIOGO DEFANTE,Comedy,540602,52951,0,2127
t4TgLgq6wjo,"PALMEIRAS 4 X 0 AM√âRICA-MG | MELHORES MOMENTOS | 36¬™ RODADA BRASILEIR√ÉO 2023 | ge,globo",2023-11-30T02:34:23Z,UCgCKagVhzGnZcuP9bSMgMCg,ge,Sports,721969,22371,0,2101
DETT6s2Tqps,FIZ A ANTIGA FARLANDS DO MINECRAFT,2023-11-29T12:30:08Z,UCJIl6Ahgkfwg1DRYcg-kY3g,Mendrake,Gaming,340030,15534,0,906
bc9x4N3qY-M,CORITIBA 1 X 1 BOTAFOGO| MELHORES MOMENTOS | 36¬™ RODADA BRASILEIR√ÉO 2023 | ge.globo,2023-11-30T02:57:54Z,UCgCKagVhzGnZcuP9bSMgMCg,ge,Sports,810910,18686,0,3328
fBiau9hilIo,MODO PREGUI√áA VOLTOU! FLA PERDE DE GOLEADA E FICA LONGE DO T√çTULO! TEM QUE MUDAR GERAL! CULPA DELES!,2023-11-30T01:14:46Z,UCvft5hNFTEUsRPmMN2rWYRA,Paparazzo Rubro-Negro,Sports,111231,7532,0,722
C7uYOV7peG0,Z√© Felipe e MC Ryan - Voltei Pra Cachorrada (Videoclipe Oficial),2023-11-29T00:05:10Z,UCe1HjlqnaxERsqpw0ZnLXvA,Z√© Felipe,Music,1670929,79050,0,2403
vRJgxMHy3TM,COMPRANDO MEU MATERIAL ESCOLAR 2024!!!,2023-11-29T21:00:11Z,UCY2JbItcod5aclsDCrgdo6g,Di√°rio da Carol,People & Blogs,92226,4560,0,429
lkMmbWjdL2k,o fim da minha treta com o AuthenticGames...,2023-11-29T19:27:07Z,UCrty1Tce9UBFwpkAF_f56Yg,porkinbr,Gaming,120759,8727,0,734
msDgczg2y0M,BRASILEIROS JOGAM MUITO E ARSENAL GOLEIA MAIS UM ADVERS√ÅRIO NA CHAMPIONS LEAGUE | ARSENAL 6 X 0 LENS,2023-11-29T22:15:27Z,UCs-6sCz2LJm1PrWQN4ErsPw,TNT Sports Brasil,Sports,566926,28692,0,1076
PpVlOK1N3dU,Ivan Barreto canta 'I Can't Stop Loving You' nas Audi√ß√µes √†s Cegas! | The Voice Brasil | 12¬™ T,2023-11-29T15:30:05Z,UCkWdjLOUwdZTbWecnD6X7lQ,The Voice Brasil,Entertainment,41376,624,0,50
z_bg4sLeWU8,"BRUNO FERNANDES FAZ GOLA√áO, ONANA FALHA E UNITED SE COMPLICA NA CHAMPIONS | GALATASARAY 3 X 3 UNITED",2023-11-29T20:07:59Z,UCs-6sCz2LJm1PrWQN4ErsPw,TNT Sports Brasil,Sports,696727,31126,0,1508
SGjYdXxhVoQ,Z√© Felipe e MC Livinho - Modo Safado (Videoclipe Oficial),2023-11-29T00:25:13Z,UCe1HjlqnaxERsqpw0ZnLXvA,Z√© Felipe,Music,1333615,70803,0,2315
VvQOx0ej7Oc,"DAVE MUSTAINE, KIKO LOUREIRO e TEEMU M√ÑNTYSAARI",2023-11-29T04:25:40Z,UCYoXe5Trn6XjRbgPsmqCBuw,Cortes do Amplifica [OFICIAL],People & Blogs,184719,12009,0,743
UJ835PU_DNs,"Leviano, Borges, Orochi, Tz da Coronel - Vetin",2023-11-28T22:00:06Z,UCm_ScSW5MFcTLLh4pzch7JQ,Leviano,Music,370247,41156,0,1510
AT3nb0PXsdk,BAHIA 0X1 S√ÉO PAULO - CAMPEONATO BRASILEIRO 2023 - FINALMENTE O ANO ACABOU!,2023-11-30T01:37:43Z,UC0GUaQ6lVzvu0FWklbsKFhg,BAROLO V√çDEOS,Sports,99221,13901,0,736
HzJhtAHvygc,PEDI O BLEY EM CASAMENTO! (VAMOS CASAR),2023-11-28T18:25:08Z,UCNmBUECIkUyPr2hxIAT3vzw,Lucas Rangel,Comedy,463859,65288,0,2656
MYZnSUmdqRE,MC Cabelinho - Carta Aberta (Clipe Oficial),2023-11-28T00:00:07Z,UCjhZqfzCp1aDE0GeugC0GXw,MC Cabelinho,Music,2359198,252197,0,12859
Js27WayhKBE,"Faz Uns Dia / Jeito Que Te Fa√ßo Poderosa - Mc PH, Traplaudo, Mc IG, Prado - ''OCDM''",2023-11-29T03:00:10Z,UCGHXSFYTbncTawI5I0-O3uw,MC PH,Music,145675,13461,0,561
cmwtCFtBqEA,KIKO LOUREIRO fala sobre MEGADETH?,2023-11-29T04:01:41Z,UCYoXe5Trn6XjRbgPsmqCBuw,Cortes do Amplifica [OFICIAL],People & Blogs,222992,13836,0,1162
pQq9eP5OFhw,Taylor Swift - You're Losing Me (From The Vault),2023-11-29T13:00:47Z,UCqECaJ8Gagnn7YCbPEzWH6g,Taylor Swift,Music,1384558,179033,0,12065
ssVvfHuLdrA,RAFA e KIKO relembram M√öSICAS do ANGRA,2023-11-29T05:38:43Z,UCYoXe5Trn6XjRbgPsmqCBuw,Cortes do Amplifica [OFICIAL],People & Blogs,138130,8187,0,418
vASO9fxcaYw,üêîA FAZENDA 15 V√çDEO: BLACK CUSPIU NO CHAP√âU?; TONZ√ÉO VOLTA FAZENDEIRO; SHERA VAI PEDIR FICA KALLY?,2023-11-30T04:33:41Z,UC0LlPl_mWhIFqVxcH1l3xpQ,WebTVBrasileira,Entertainment,238928,22496,0,804
2U8sXj16wY4,Isso precisa acabar... Fortnite!,2023-11-29T12:19:12Z,UC0bC92gFO25qcJcECTQNN_A,Flakes Power,Gaming,234266,15934,0,542
qkzg0bwrFHg,DE FRENTE COM BLOGUEIRINHA: LU√çSA SONZA - T2E31 | DiaTV,2023-11-28T01:08:20Z,UCF8MQYobXcHejWAaet4nSxA,Blogueirinha,Entertainment,1502124,101446,0,2115
6XpezVA-9D0,üéôÔ∏è ENTREVISTA COLETIVA: FELIP√ÉO | P√ìS FLAMENGO X GALO,2023-11-30T01:25:05Z,UC0BhAOfmm1tJaJkPyTM9D_g,Galotv,Sports,30665,2563,0,89
4l8_clZxBa8,"HOMEM POBRE DA A VOLTA POR CIMA, GANHA MUITO DINHEIRO E COMPRA UMA CASA PR√ìPRIA!",2023-11-29T15:00:05Z,UCIXguhHCl8eDTkXpEuiGPUA,Jazzghost,Gaming,791651,60012,0,3433
A2OGzMqr-LM,EPIS√ìDIO 02 - 2/5: Caixa misteriosa escondidinha | TEMP 02 | MASTERCHEF + (28/11/2023),2023-11-29T08:01:00Z,UC2EWGw-KBjEReUbXMJEiaCA,MasterChef Brasil,Entertainment,476072,8240,0,360
8wqBSAfIpSQ,USEI A NOVA EVOLU√á√ÉO DO ESP√çRITO DE GELO NO CLASH ROYALE!,2023-11-29T15:51:00Z,UCCXR1oSwEjJgD10Q_wFmf2A,KENNEDY CLASH,Gaming,106899,8225,0,327
kzdneBBSJpw,O QUE ACONTECEU COM MEU JOGO???,2023-11-29T00:07:54Z,UC0NC9if2KdJDdaVvJDPurcQ,Toddyn,Education,121062,20788,0,845
qY0nWLXu4jo,ESTE √â O FUTURO DOS GAMES! Eu testei tudo! - AyaNeo Kun e Air 1S,2023-11-28T22:00:32Z,UCuxfOdbKQy0tgGXcm9sjHiw,Coisa de Nerd,Science & Technology,187841,23780,0,448
lrdH2Oddk8k,Exclusivo: Ana Hickmann desabafa pela primeira vez ap√≥s ser agredida pelo marido,2023-11-27T02:57:38Z,UCP-Vg2PcmLiWpEdvMI1R35w,Domingo Espetacular,Entertainment,3405604,159948,0,0
sb_mf4OumTM,"Jo√£o Guilherme sobreviveu a 3 ACIDENTES na fazenda! | Que Hist√≥ria √â Essa, Porchat? | GNT",2023-11-29T17:00:44Z,UC0f866RMRdL5mSVnipiOHxg,Canal GNT,Entertainment,138301,6826,0,144
AITD4GL49rE,NO √öLTIMO MINUTO! | AMIGOS DO POZE 1 X 2 AMIGOS MC DANIEL | MELHORES MOMENTOS | DESAFIO DOS MCS,2023-11-29T02:35:19Z,UCZiYbVptd3PVPf4f6eR6UaQ,Caz√©TV,Sports,393504,16385,0,1010
FGouJkBD0ps,blink-182 - ANTHEM PART 3 (Live Performance Video),2023-11-29T16:00:08Z,UCdvlHk5SZWwr9HjUcwtu8ng,blink-182,Music,247510,17782,0,969
jJF2fLUdw18,ü¶äüíô BASTIDORES | Cruzeiro vence e conquista os 3 pontos contra o Goi√°s na reta final do Brasileir√£o!,2023-11-28T22:21:09Z,UCqifkpdmE1z3VhfQoJzwpJQ,Cruzeiro Esporte Clube,Sports,105695,9650,0,346
sLyBviSonFw,"SUBSTITUA O PAÃÉO! SoÃÅ 2 MIN, ZERO CARBOIDRATOS, Rico em ProteiÃÅnas, Sem Farinha, FaÃÅcil, RaÃÅpido",2023-11-28T18:22:00Z,UCr0aVp0-APOWTZ2RUzVnCuw,Anjo Low Carb Receitas,People & Blogs,459199,4276,0,109
o48s2DGNQl4,TERMINEI O NAMORO DA EMILLY VICK E DO LEOZINN,2023-11-28T15:00:11Z,UC2bYhAHyaqfWlPXWBVk4BcA,Enaldinho,Entertainment,2070401,66846,0,1609
L2oFsAOC2XQ,UNIMOS NOSSAS BASES SECRETAS - Irmandade,2023-11-28T21:06:01Z,UCfSCj6pb_AMSszt73mqgP_Q,Lggj,Gaming,130748,12613,0,555
Qw7BCmCqoac,"X1 BRAZIL NA CAZ√âTV | ETINHO X BER√î, PA√áOCA X NEGO BIZA, L7 X DECO PITBULL | ETAPA ARACAJU",2023-11-28T03:33:27Z,UCZiYbVptd3PVPf4f6eR6UaQ,Caz√©TV,Sports,838422,27418,0,32
AHrAhqJRdq8,AP√ìS A GRANDE EXPLOS√ÉO NO MINECRAFT #3.25,2023-11-28T13:00:43Z,UCV306eHqgo0LvBf3Mh36AHg,Felipe Neto,Entertainment,1037843,99629,0,3831
zmCJkc-PsUU,Porque a FERRARI n√£o quer o seu dinheiro (mesmo que voc√™ tenha),2023-11-28T14:00:49Z,UCSTlOTcyUmzvhQi6F8lFi5w,Atila Iamarino,Science & Technology,80193,13059,0,303
YIawY-JFJJc,NINJA ENTROU NA MENTE DOS CARAS - M√ÅFIA DO APITO vs RASTA PRA CIMA,2023-11-28T21:10:00Z,UCFjrDmEnxrG5TRGVO0TPHLA,Desimpedidos,Sports,511833,38888,0,596
FpjrrWRdDc8,Simulando um Oceano por¬†100¬†Dias,2023-11-27T21:06:55Z,UClogIrd2rorYvWylbb768eg,Dr. Plants Brasil,Pets & Animals,346878,25970,0,407
xa-xTjIjYAE,üî•üí• BASTA Colocar BICA no PVC que vai Resolver esse Problema na Sua Casa,2023-11-27T23:41:31Z,UC8ZwGV6ALKi-nv5QuvwFvcw,cm fa√ßa sem segredo,People & Blogs,349893,3322,0,66
sa_9KZ_l48Q,THE WALKING DEAD PLAY 2 KKKKKKKKK ü§£,2023-11-27T22:00:32Z,UCYzp8-P162Em-3uZnCuGJOg,Games EduUu,Gaming,800985,121338,0,3538
cdjTuWGh07E,24 HORAS SOBREVIVENDO NO SEU ELEMENTO *deu ruim?,2023-11-28T14:53:01Z,UC63iwP6BtIjxB6xn1GKR6Lw,Emilly Vick,Science & Technology,1210666,0,0,1313
z8i7tn6o4zI,[ Official MV ] No More Blues - FreenBecky,2023-11-28T08:00:10Z,UC2Xc1Vt6JfBLN3gcd054xNA,IDOLFACTORY OFFICIAL,Entertainment,640395,91777,0,6601
3uqgsIuGRM8,10 PARTIDAS DE STUMBLE GUYS EM 1 V√çDEO!,2023-11-28T15:00:04Z,UCIXguhHCl8eDTkXpEuiGPUA,Jazzghost,Gaming,812303,43037,0,1995
8dEG2_uYZH0,"""Desistir N√£o Vou Jamais"" MC Cebezinho - V√≠deo Clipe (DJ Oreia)",2023-11-27T15:00:20Z,UCEpCeCLUp6Oy75p7WixzjcA,Mc Cebezinho,People & Blogs,197444,13608,0,409
O99k00dkICU,Unboxing e Comparativo do NOVO MODELO do PlayStation 5!,2023-11-28T15:00:29Z,UCWKtHaeXVzUscYGcm0hEunw,BRKsEDU,Gaming,177313,20107,0,674
XGRzl8hJXSc,V12 ABSURDO NA VOLTA R√ÅPIDA! Aston Martin Vantage manual (com som de F√≥rmula 1) na pista com Rubinho,2023-11-27T21:30:07Z,UCGBIIPnw0AYM3BFsmTsjeAw,Acelerados,Autos & Vehicles,293540,27138,0,809
IT_SFO8iJbQ,BRASILEIR√ÉO | Nova proje√ß√£o para o REBAIXAMENTO,2023-11-28T02:44:13Z,UCNrTCU85LxXPXygNtkh_xrQ,Plant√£o do Paulinho,Sports,307615,10111,0,763
gj3cQrxf_aQ,POD ENTRAR - Tour exclusivo na mans√£o e closet milion√°rios de Juju Salimeni com¬†Lucas¬†Rangel,2023-11-27T15:00:30Z,UCuUUWPHIioyfmctnDpwsFzw,POD DELAS,People & Blogs,547841,28232,0,1087
OVdULS6p2-g,Que Porra √â Essa?,2023-11-28T03:01:41Z,UCAyXWdLucfUnjM1dqIVExkA,Leviano - Topic,Music,46944,2864,0,129
FmpkYprJ1QU,CHUPA! CRAQUE NETO MANDA RECADO PRA ELENCO DO DONOS DA BOLA: FALEI QUE CORINTHIANS IA VENCER O VASCO,2023-11-29T03:22:44Z,UCg4y0neDAbTFqkcWQtBnWsA,Craque Neto 10,Sports,55316,3326,0,216
8yFOYJxJkHA,PASSEI 100 DIAS NO TERRARIA ONE PIECE - O FILME,2023-11-27T15:00:10Z,UCjkv2LwJjEPnEs6MbvikrcA,Promptz,Gaming,130489,7693,0,368
olDWm2veCrM,BABYMONSTER - 'BATTER UP' M/V,2023-11-26T15:00:12Z,UCqwUnggBBct-AY2lAdI88jQ,BABYMONSTER,People & Blogs,49784228,1701309,0,166839
ZZJqb9Oq_VA,JOGO COMPLETO: FRAN√áA X MALI | SEMIFINAL | COPA DO MUNDO SUB-17 FIFA‚Ñ¢ 2023,2023-11-28T14:32:14Z,UCZiYbVptd3PVPf4f6eR6UaQ,Caz√©TV,Sports,379408,12044,0,29
VPeziwYbaf0,FIZ O QUE OS INSCRITOS MANDARAM,2023-11-27T14:48:40Z,UCHkLdUqjUct7f4iskfqQzWQ,Onerb,Gaming,124792,6117,0,333
ExDSKscakaY,O MELHOR JOGO DA SUPERCOPA DESIMPEDIDOS 23 - PICANHA FC vs 40 YEARS,2023-11-27T21:00:06Z,UCFjrDmEnxrG5TRGVO0TPHLA,Desimpedidos,Sports,669705,50815,0,1074
G3R38_cbtAg,COMPORTAMENTO DE INSTRUTOR LEVA CONSUMIDORA A DESISTIR DE AUTOESCOLA,2023-11-27T13:00:12Z,UCphlPoUKlwm2B0v2DT2Oshw,Rep√≥rter Ben Mendes,People & Blogs,375102,22066,0,1624
VVF371QesxM,FEZ UM GOLA√áO?? PASSA DE N√çVEL!! (S√ì VALE GOLA√áO) üò± *CAPITA ROUBOU o CAIO LO?,2023-11-27T22:06:04Z,UCriRvZSnEFPSMqSya2s2U6g,Banheiristas,Sports,668205,31177,0,1738
51wCh-ItoeE,ELE √© SENSACIONAL! REVELEI TUDO SOBRE O NOVO BRAWLER MICO! NOVA HIPERCARGA LEND√ÅRIA CONFIRMADA,2023-11-27T17:15:00Z,UCAggUdtRa55X348VWYf5XjA,Vinh√¥,Gaming,127703,10325,0,730
bBmSbIJya2U,RAGATHA vs POMNI no GACHA LIFE 2 do DIGITAL CIRCUS,2023-11-27T21:00:17Z,UC3OGdttknCgXelktBVLKVKQ,MarcelinhaVR,Entertainment,209196,5636,0,414
6XQDNsIWE1U,O fim da novela das indica√ß√µes de Lula para PGR e STF | Giro VEJA,2023-11-27T21:02:51Z,UCV6Ue4o5UIeKQ3IEkjnXRlg,vejapontocom,News & Politics,105488,1841,0,744
bwjgjQ6irnU,üî¥ BLACK DESMASCARADO!; VAR faz revela√ß√£o IMPRESSIONANTE; Pol√™micas A Fazenda,2023-11-28T04:26:56Z,UCwOlAMtl-8YkAn8-Awtd9qw,Cairo Jardim,Entertainment,81206,8403,0,440
AssGEsgH9Zw,AO VIVO E COM IMAGENS: CORINTHIANS X S√ÉO PAULO | FINAL - VOLTA | PAULIST√ÉO FEMININO 2023,2023-11-26T17:05:11Z,UCaf4uhI8ItLyM_6kZ5I5Zdw,Paulist√£o,Sports,711018,19877,0,28
_xX7HMh8Gvw,O T√ÉO ESPERADO TOUR da NOSSA CASA NOVA em CURITIBAüè° (AP√ä 40m2)üòç,2023-11-27T16:20:41Z,UCI4au5F8TE8l3U35YR9myIA,Meu Jeito Maiko de Ser,People & Blogs,93161,13966,0,874
jGm6fReUNeI,[#2023MAMA] ENHYPEN (ÏóîÌïòÏù¥Ìîà) - Bite Me + Sweet Venom | Mnet 231128 Î∞©ÏÜ°,2023-11-28T12:18:29Z,UCbD8EppRX3ZwJSou-TVo90A,Mnet K-POP,Gaming,1642980,155290,0,5052
XdM_sD0WXzo,COMPRANDO MEU MATERIAL ESCOLAR 2024 !!,2023-11-26T22:00:13Z,UC_eBg6o7KnGs23t6p3T9YAg,Manuzinha Star,Entertainment,183026,6105,0,322
AW09kv_yq1s,TROCAMOS DE NAMORADA COM EMILLY VICK E LEOZINHO POR 24 HORAS!,2023-11-25T15:00:08Z,UC2bYhAHyaqfWlPXWBVk4BcA,Enaldinho,Entertainment,4757764,108493,0,2483
x1Hx1wxe_VE,ROBLOX Uma Experi√™ncia Blox Fruits (O PIRATA MAIS FORTE),2023-11-26T18:00:10Z,UCcCvGkfzka0pNvFxXoCs5ww,Smufy,Gaming,250024,37074,0,2924
2oYfL3IPaMM,FUI CA√áADO POR UMA SQUAD DE PROPLAYER E ISSO ACONTECEU!! FREE FIRE MOBILE,2023-11-27T14:56:49Z,UCVse66mti9GN2SWF2eh_SCg,FREITAS,Gaming,541920,60531,0,1123
pqYKA_z9rwA,TROQUEI DE PERSONALIDADE COM ENALDINHO POR 24 HORAS *Sobrevivemos ?,2023-11-25T15:25:00Z,UCIRNu5s24r7zAPTFic_eWNw,Leozinn 077,Gaming,3486480,68729,0,1399
QrlbRRGSgdM,VIAJAMOS PARA A CIDADE DO GTA na VIDA REAL! ft Nobru e Paulinho #1 (LUQUET4),2023-11-27T15:01:45Z,UCMp3NX1YzYIaSnL03QkpvLA,LuquEt4,Gaming,84325,9903,0,270
sFzVc5gi8Y8,ESTOU GR√ÅVIDA PELA SEGUNDA VEZ ü§çü§∞üèªDEU POSITIVO üò≠,2023-11-26T22:00:24Z,UCFNDsIEPwaAVMGNIQkU-jvA,Canal da Manuh,Entertainment,120999,14787,0,1118
3HVX1d0iheM,HAMMER JAM: Upgrade Uproar! Clash of Clans Animation,2023-11-26T11:12:53Z,UCD1Em4q90ZUK2R5HKesszJg,Clash of Clans,Gaming,5945916,174018,0,4736
_DHQOJt2IOY,"Rodrygo d√° show, faz dois gola√ßos, Bellingham tamb√©m marca, e Real Madrid vence o C√°diz por LALIGA",2023-11-26T19:46:11Z,UCw5-xj3AKqEizC7MvHaIPqA,ESPN Brasil,Sports,1577226,78610,0,2970
m-eSwi68wAE,Pedi ela em Casamento,2023-11-26T15:00:38Z,UCF-jePDohV1xZAufLR6zdGw,Vibe de Dois ,People & Blogs,152749,21800,0,1574
SP182Iet-t0,"A Lua - Evoney Fernandes, Allanzinho (Clipe Oficial)",2023-11-25T15:48:35Z,UCLocu7ZcbxGvSr0z24vmq4A,Evoney Fernandes,People & Blogs,1221044,34617,0,1261
MllM52LTJWY,"GARNACHO FAZ GOL ANTOL√ìGICO DE BICICLETA, E MANCHESTER UNITED SUPERA EVERTON | MELHORES MOMENTOS",2023-11-26T18:43:55Z,UCw5-xj3AKqEizC7MvHaIPqA,ESPN Brasil,Sports,1244589,59371,0,1617
xa77r87_a0Y,"FALE UM JOGADOR QUE JOGOU NOS DOIS TIMES PARA CHUTAR!! *ACERTOU, CHUTOU*",2023-11-26T21:14:09Z,UCRcm1ySdquHEzFVvv69WgrQ,Tulinho Oficial,Sports,214189,13946,0,132
inRcqhZbF1w,Interior Desbravador All Black? Veja como ficou !,2023-11-26T22:30:04Z,UC1Uc7VKcHGDSMxNnztQlHSA,Henrique Carvalho,Autos & Vehicles,68680,8831,0,286
r2H0cIcAJRk,"""O Corinthians vai passar pelo MAIOR CHOQUE DE GEST√ÉO de sua hist√≥ria"", Augusto Melo (26/11/23)",2023-11-27T00:52:02Z,UC8-Us0P-XZJbVie1DhL55Bw,Mesa Redonda,Sports,86131,2822,0,167
b5VbG7J3OtU,"üî¥ PALMEIRAS S√ì DEPENDE DELE, MAS O FLAMENGO CHEGOU. GALO E BOTAFOGO BRIGAM NO BRASILEIR√ÉO?",2023-11-27T13:11:08Z,UC3KHYFWeB0WimMBfm3NEahQ,UOL Esporte,Sports,139323,12780,0,348
oQRwWUJoQG4,gastei 25000 ROBUXs nas NOVAS HABILIDADES da ATUALIZA√á√ÉO do BLADE BALL!!,2023-11-26T09:32:52Z,UCMlJiuR7e4jf3oAYW1PEUcQ,Xou Blox,Gaming,195417,4700,0,243
IsbaB3uZA3M,O Calabou√ßo Secreto! - Craft Games 316,2023-11-25T19:30:00Z,UCtKndmEnQyqkhOQfpi5CgvQ,Davi,Gaming,491649,71139,0,1102
D4LdafZyduk,Casa Autom√°tica em 360¬∞ - Minecraft Em busca da casa autom√°tica #360,2023-11-25T16:13:05Z,UCiIZY89KwQkxAW-4Le7U7zg,viniccius13,Gaming,1082328,148351,0,8465
fB6D_SQ0wfI,Bob Esponja Tenta Ser Bab√° e Outros Novos Empregos üçº | Nickelodeon em Portugu√™s,2023-11-25T13:00:35Z,UCMryAHWeLf3TxDyDxSWs4AQ,Nickelodeon em Portugu√™s,Entertainment,518656,4169,0,0
gnyBiGN5ipA,AUGUSTO MELO: 1¬™ COLETIVA COMO NOVO PRESIDENTE DO CORINTHIANS,2023-11-25T22:10:54Z,UCwpyuvmJ_mOrebYbUPXtaBQ,Meu Tim√£o,Sports,276206,9777,0,647
H1MBYsVamBQ,CM Punk IS BACK! See the epic Survivor Series return: Survivor Series: WarGames 2023 highlights,2023-11-26T04:29:26Z,UCJ5v_MCY6GNUBTO8-D3XoAg,WWE,Sports,5740061,224035,0,25782
gmtOKewkzgg,BENJA d√° FORTE declara√ß√£o sobre DU√çLIO MONTEIRO ALVES,2023-11-25T17:55:58Z,UCwpyuvmJ_mOrebYbUPXtaBQ,Meu Tim√£o,Sports,281488,10102,0,410
V04udMRSoT4,MUNDIAL DE FREE FIRE | FFWS | CORRIDA PELO B√îNUS -  DIA 2 | AO VIVO - DIA 25/11,2023-11-25T15:42:52Z,UCOaQsQIByJYHyETtw48l_Vw,Free Fire Esports Brasil #LBFF,Gaming,478452,26564,0,160
wm-3VkcJQpA,PAROU A CIDADE! CHEGADA DO FLAMENGO EM UBERL√ÇNDIA! TORCIDA DO MENG√ÉO FAZ UM LINDA FESTA! FLA X AME,2023-11-25T21:13:03Z,UC440oU9jl0O9_4s9EKRrvEA,Reda√ß√£o Ninho,Sports,257997,15942,0,452
3UaA4HJ2F1k,TODAS AS ARMADURAS NO MINECRAFT,2023-11-25T13:39:45Z,UCHkLdUqjUct7f4iskfqQzWQ,Onerb,Gaming,368907,12695,0,701
gP-HXBKgU-0,"Banda Encantu¬¥s, @laryingrind_oficial √à S√©rio (Clipe Oficial)",2023-11-24T21:00:12Z,UCgJ1O9E8J4XBSYgSjf4X0VQ,Banda Encantu¬¥s,Music,1002734,35051,0,2800
Wdjh81uH6FU,"$1 vs $10,000,000 Job!",2023-11-25T17:00:00Z,UCX6OQ3DkcsbYNE6H8uQQuVA,MrBeast,Entertainment,81829959,3278688,0,57782
1ng4W73bMwA,ATUALIZANDO O JOGO QUE EU CRIEI DE BERSERK! (Parte Final),2023-11-25T15:00:01Z,UCjh-a_yuBwvhkiltrWrucjg,Renzk,Gaming,225801,24679,0,1223
T2BQG_8CFHI,Chefin - 10 CARROS (prod. LB √önico),2023-11-23T22:00:08Z,UCDiQ-LZ8dfc3cmoGBxMDS7Q,Mainstreet Records,Entertainment,5267257,259655,0,12008
YZV3S63tg9Y,Josu√© Bom de Faixa -  N√£o Precisa Negar (Clipe Oficial),2023-11-24T14:41:50Z,UCeHciIF8MgNSx2fbNpQN2hQ,Josu√© Bom de Faixa,Music,1328349,44253,0,401
tdWXDXT7_pk,Randy Orton makes his earth-shattering return: Survivor Series: WarGames 2023 highlights,2023-11-26T04:50:00Z,UCJ5v_MCY6GNUBTO8-D3XoAg,WWE,Sports,3576469,97243,0,4419
G6DU9g7nYAQ,Simone Mendes - Caso Sem Nome (DVD Cintilante),2023-11-24T14:57:27Z,UCH7vP1JyEwTy-D-ikZUoCww,Simone Mendes,Music,2077630,19615,0,616
DqPN-vCS9ZM,üéôÔ∏è Entrevista Coletiva - Rog√©rio Ceni,2023-11-25T09:11:47Z,UCcqRCjHozEb9CQHwf_cffdQ,TV BAH√äA,Sports,162854,5653,0,431
-ZfZNyMVmgI,"Thiago Silva falha em gol de Joelinton, e Newcastle massacra Chelsea no Ingl√™s | melhores momentos",2023-11-25T17:14:17Z,UCw5-xj3AKqEizC7MvHaIPqA,ESPN Brasil,Sports,1171235,32691,0,1330
dNuZJj4IAA4,Meu escrit√≥rio √© na praia,2023-11-25T14:49:39Z,UCY8iijN1AkyDCh1Z9akcqUA,Funky Black Cat,Entertainment,123998,22055,0,1090
ejxEiCsehtw,COMIDAS DE RUA NA √çNDIA | √© t√£o suja quanto dizem?,2023-11-25T13:00:37Z,UCOJNw9aHGRkYuIOqwU7yK-Q,Mundo Sem Fim,Travel & Events,798527,61516,0,4115
zUxARPZYzHg,MELHORES MOMENTOS | AL-NASSR 3 X 0 AL-AKHDOUD | LIGA SAUDITA,2023-11-24T20:02:08Z,UC_oToDrJ6uca7d1dFVBmLtg,Canal GOAT,Sports,234391,12477,0,505
Bbqm6FlL2o0,Lula entra na briga entre Senado e STF | RESUMO,2023-11-24T22:33:37Z,UC48mLXk1ASg1EQbaS3MheWQ,Valor Econ√¥mico,News & Politics,123542,3574,0,414
XQ6lvZXlsMQ,CORINTHIANS 1x5 BAHIA üî¥ P√ìS-JOGO | 35¬™ Rodada | Campeonato Brasileiro 2023,2023-11-25T04:51:46Z,UCwpyuvmJ_mOrebYbUPXtaBQ,Meu Tim√£o,Sports,467797,8791,0,46
Ddfimf4SyzU,JOGO COMPLETO | AL-NASSR 3 X 0 AL-AKHDOUD | LIGA SAUDITA,2023-11-24T20:15:05Z,UC_oToDrJ6uca7d1dFVBmLtg,Canal GOAT,Sports,566656,33930,0,100
7__r4FVj-EI,Octopus vs Underwater Maze,2023-11-24T15:00:10Z,UCY1kMZp36IQSyNx_9h4mpCg,Mark Rober,Science & Technology,15251680,529576,0,11106
cBmj3N3HMQM,SE COME√áAR A CHOVER CORRA PARA CASA! POIS ELE VAI APARECER! - The Rainman (7 FINAIS),2023-11-25T15:00:29Z,UCIXguhHCl8eDTkXpEuiGPUA,Jazzghost,Gaming,995596,50997,0,1762
PQgQ5Q98_dE,JOGO COMPLETO | FC KOLN 0 X 1 BAYERN DE MUNIQUE | BUNDESLIGA,2023-11-24T21:37:16Z,UC_oToDrJ6uca7d1dFVBmLtg,Canal GOAT,Sports,318378,17321,0,8
EqXnUk8NytU,PORQUE VOLTAMOS PRO BRASIL? üáßüá∑ + porque n√£o vamos mais morar em m rio preto DESABAFO,2023-11-24T20:12:02Z,UCJ-_JtS_-0G7pt6C7kkLJ3g,Fam√≠lia Jeito loko de ser,Entertainment,116102,12358,0,0
3xijnGLb3BU,MUNDIAL DE FREE FIRE | FFWS | CORRIDA PELO B√îNUS -  DIA 1 | AO VIVO - DIA 24/11,2023-11-24T15:45:46Z,UCOaQsQIByJYHyETtw48l_Vw,Free Fire Esports Brasil #LBFF,Gaming,424540,27390,0,132
8FUyE8usMNw,Tonz√£o acusa Kally de estar abra√ßada com Black antes de terminar relacionamento | A Fazenda 15,2023-11-25T15:31:35Z,UCw4YGFtvDgOL09KrFpqj6kg,A Fazenda,Entertainment,376434,13998,0,0
41EyJ6kEngk,"SET PODPAH - MCs Davi, Marks, Ryan SP, Don Juan, Ig√£o, Gaab, Menor Da VG, e MC G15 (GR6 Explode)",2023-11-24T15:00:11Z,UCNUQK9mQoqi4yNXw2_Rj6SA,GR6 EXPLODE,Music,1235042,71988,0,1952
vVjR7QJc5bE,INVADIMOS E PASSAMOS A NOITE NA CASA DO ENALDINHO *fomos expulsos?,2023-11-24T14:27:00Z,UC63iwP6BtIjxB6xn1GKR6Lw,Emilly Vick,Science & Technology,4266082,0,0,3103
Eah9ZYH4ryg,Garten of Banban 6 - Official Trailer,2023-11-24T14:10:52Z,UCzDYgkEUa7tcWFmhfVItiiA,Euphoric Brothers,Gaming,1992724,70904,0,9145
iRX1HEFVsNc,Vou ser pai,2023-11-24T21:00:30Z,UCJ_poBhgNa9plKmPH6RCWdg,Jacques Vanier,Comedy,158331,9372,0,617
ZdY2D6oh4w8,Marina Sena - Dano Sarrada (Clipe Oficial),2023-11-24T00:00:12Z,UC2mT7quMGAx5wPsARspOGIA,Marina Sena,People & Blogs,465790,50300,0,2966
66SiMuc3qSA,Compramos a √Årvore de Natal da Casa Nova - Fam√≠lia Maria Clara e JP,2023-11-24T13:00:06Z,UC040XFJEsSRhTkmieXp1kDQ,Fam√≠lia Maria Clara e JP,People & Blogs,655364,7263,0,209
WBzJjzpyp8I,Fresno - Eu Nunca Fui Embora (CLIPE OFICIAL),2023-11-24T15:01:25Z,UCCi2CVYiPD81t218nDf_lzw,Fresno,Music,81147,12056,0,1134
uYH-2kOxKkc,Rosa de Saron feat. Carmen Monarcha e Coral Livre - A F√™nix (in Concert - Ao Vivo),2023-11-24T15:00:11Z,UCglAoXBdPAMUxvMlqhUnJsQ,Rosa De Saron,Music,93274,8080,0,1063
NijXWebdkIY,TIVE UMA RECA√çDA COM O ZANELLA‚Ä¶,2023-11-23T21:30:02Z,UC6nYtmaMh43WUQW5YeopuNg,Eu voc√™ e n√≥s,Entertainment,1115403,56028,0,5204
hKW4TWkrTpg,Larissa Pires | Vai Valer a Pena [Clipe Oficial],2023-11-24T15:00:12Z,UCpf5YXmzGHC4m5uLCdlrrfA,Todah Music Oficial,Music,154545,8122,0,335
EKkk000kG8s,FILHO DE RICO vs FI DE POBRE / COMPILADO  2,2023-11-24T14:02:31Z,UCz2A8OXLR2xwYE63zWbu7IA,Wiris Viana,Comedy,408168,8708,0,228
0d2aMPTtPrU,Festa de anivers√°rio de 1 ano da Julia em casa - tema estrelas,2023-11-24T15:00:01Z,UCxwENW5gfb72OnMnRycgflA,Morgana Secco,People & Blogs,123332,13284,0,530
hBJc4koVHLs,Kali Uchis & KAROL G - Labios Mordidos [Official Video],2023-11-24T05:00:07Z,UCQTuAezPu6MOpcIJ1Tz9dNA,KALI UCHIS,Music,6453261,245162,0,7708
x3Calh9RRR8,Briga entre Kally e M√°rcia incendeia a sede | A Fazenda 15,2023-11-24T22:03:16Z,UCw4YGFtvDgOL09KrFpqj6kg,A Fazenda,Entertainment,413605,14435,0,0
RD6GY0cCDWk,Stupid Wife - 3¬™ Temporada - 3x01 ‚ÄúDefesa‚Äù [Assista os epis√≥dios AGORA - Na descri√ß√£o],2023-11-23T23:00:27Z,UCS17A8jWx5U5hTNKTzMRNzw,Ponto A√ß√£o Produ√ß√µes,Entertainment,406566,24245,0,925
yUyDiMCpIvc,MaterniDelas - Gabi Brandt com Tata e Viih Tube,2023-11-24T15:00:59Z,UCuUUWPHIioyfmctnDpwsFzw,POD DELAS,People & Blogs,264931,15723,0,485
3iDdSsoybxQ,BABYMONSTER - 'BATTER UP' M/V TEASER,2023-11-23T15:00:04Z,UCqwUnggBBct-AY2lAdI88jQ,BABYMONSTER,People & Blogs,10861337,411253,0,27289
VOqss6W6k5o,"PRISCILLA, Bonde Do Tigr√£o - Quer Dan√ßar (Coreografia Oficial)",2023-11-23T15:00:24Z,UCVspHhohr0GVv6d69nlHCgA,PriAlcantaraVEVO,Music,123651,8105,0,699
vdJ3P4zG8Ws,TIVEMOS QUE QUEBRAR TODO TETO DA MINHA CASA ABANDONADA!!,2023-11-23T16:42:48Z,UCjTVNkbx5megxlnl1spy2jg,Jully Molinna,Entertainment,311921,17410,0,330
2NDGVB_5ikE,AO VIVO: BRASILEIR√ÉO 2023! COLETIVA DE TITE | FLAMENGO X RED BULL BRAGANTINO | 30¬™ RODADA | P√ìS-JOGO,2023-11-24T03:38:54Z,UCDSTRHesIl_7As-fKsvdD2g,Mauro Sant Anna,Sports,42383,4781,0,17
2ZqqFT_9ki4,BURR√ÉO CAI NO GOLPE | EMBRULHA PRA VIAGEM,2023-11-23T15:00:02Z,UCnMrFH0xuvWQSHCscGFV9Gw,Embrulha Pra Viagem,Comedy,579584,76534,0,1379
3BxWeetaMyE,"Neto detona tudo: Sele√ß√£o Brasileira, Diniz, Neymar e CBF ap√≥s derrota para Argentina",2023-11-22T16:41:49Z,UCjlcZ5YIXlBTaob0BkS_gDg,Os Donos da Bola,Sports,1074691,53820,0,5968
BGYIXarTNbA,RENAISSANCE: A FILM BY BEYONC√â | Official Trailer,2023-11-23T16:44:21Z,UCuHzBCaKmtaLcRAOoazhCPA,Beyonc√©,Music,944246,58219,0,3035
G4KInElhhYU,Jax (The Amazing Digital Circus) Vs. Mussa - Batalha de Rap,2023-11-23T21:00:11Z,UC607Gii1uo93qDqiGR6-c3w,MUSSA,Music,1409860,38333,0,2258
9Zi1dq4wTrY,üî¥ FLAMENGO CHEGOU! QUEM MAIS BRIGA COM PALMEIRAS E BOTAFOGO PELO T√çTULO DO BRASILEIR√ÉO?,2023-11-24T13:11:07Z,UC3KHYFWeB0WimMBfm3NEahQ,UOL Esporte,Sports,113330,11137,0,230
DBiLuvPxjl4,MC HARIEL - 1ESPERTO E 1OT√ÅRIO | ALMA IMORTAL (V√≠deo Oficial),2023-11-24T00:07:50Z,UCU06XOgERkQV7xCsrNLTf4Q,MC Hariel,Music,199596,14546,0,1005
BCxS8Y2wpGk,OS MEGA ITENS DA CREATIVE SQUAD,2023-11-23T12:30:09Z,UCcqcrpCct3dlF8H-3lv7sKA,Nait,Gaming,314016,16374,0,546
L1ruKcgALxk,REALIZA√á√ÉO DE UM SONHOüôå! Conhe√ßa nossa terra @XINGURustico,2023-11-22T21:00:11Z,UClfhjy_qb7hNE1QlpZeXBnA,Amanda Ata√≠de,Pets & Animals,473631,39606,0,6441
wKWrbJjndCs,Fui muito mal no ENEM 2023...,2023-11-23T14:00:40Z,UCpHJWUQ3WKQ1YtZFk3tAtrg,Andrezitos,Entertainment,169571,15857,0,698
DrMOOwzSLR0,O DOM VAI NASCER ANTES!!! üò±ü•πüë∂üèª *minha rotina no final da gesta√ß√£o*,2023-11-23T14:09:04Z,UCZtOF_W8L82GcENIOGpSPDg,Jaqueline Sobrinho,People & Blogs,696942,20704,0,1752
mDnlr0Njtvk,MAS J√Å ? üò± | PS5 SLIM COM DEFEITO! üò¨,2023-11-23T00:45:16Z,UC7uH27Tc-JsGZrVlRZnZJ2A,TAG,Entertainment,216209,18821,0,914
zMypu4y7GsQ,NOSSA CASA PR√ìPRIA! üò≠üôèüèªüè†,2023-11-22T22:59:15Z,UC2AcGGX4MHhKJihegueWyqQ,Bianca Ignatz,People & Blogs,201150,22257,0,863
JM440iogvbc,ISAIAS SAAD - √âS FIEL (AO VIVO),2023-11-22T20:00:10Z,UCxaYdMYNsCBJcFE9NicmVYg,Isaias Saad,Music,160025,10217,0,519
H4XL-Zi_v90,UMA NOITE PARA APAGAR! - Brasil perde da Argentina e o culpado tem nome!,2023-11-22T06:05:44Z,UCm1_S0MCQYO9EWukQoAcRFA,Canal GB,Sports,854547,67958,0,6112
RkzvCixHOVw,TRANSFORMEI O THE END EM OVERWORLD EM 100 DIAS NO HARDCORE,2023-11-22T14:00:22Z,UCgrFZP2B8H6pWgPL1bAqkiQ,Fixz,Gaming,498784,15389,0,376
UKEGCK-rnrE,DESCOMPLICANDO O HWEI: O NOVO MAGO DO LEAGUE OF LEGENDS!,2023-11-23T15:00:23Z,UC46L3Cku3SplGDbIAliRssA,Mylon,People & Blogs,206450,23990,0,403
cBD4PFXmYFQ,DRAGON BALL LEGENDS REVEALS & STUFF LEGENDS FESTIVAL EDITION 2023,2023-11-23T14:00:08Z,UCqly9F4Fr_jf2Y1Cy5hacRg,Bandai Namco Entertainment,Gaming,416677,0,0,0
OTPuSMB73s8,Fazendeiro Black distribui as tarefas entre pe√µes | A Fazenda 15,2023-11-23T10:55:07Z,UCw4YGFtvDgOL09KrFpqj6kg,A Fazenda,Entertainment,248380,4623,0,0
6ndM5o5VJ9o,o primeiro vlog na casa nova!,2023-11-22T15:00:08Z,UCgpfg0lMsq_E7KjDG62YFTA,Vanessa Lino,People & Blogs,155737,20722,0,596
oYMTmTw9hbk,"""VOC√äS S√ÉO RESPONS√ÅVEIS POR RESULTADOS HORROROSOS!"" [Cortes do Opini√£o Placar]",2023-11-22T22:00:22Z,UC0skDBBv--leL2rK_r9pmYw,Placar TV,Sports,97598,3724,0,601
Bd-a_CDkN6U,ATEEZ(ÏóêÏù¥Ìã∞Ï¶à) THE WORLD EP.FIN : WILL 'World Z' Track Preview,2023-11-23T05:00:02Z,UCQdq-lqPEq_yZ_wP_kuVB9Q,KQ ENTERTAINMENT,Music,441664,76781,0,3221
nkbfR4astZs,"Lixo LUXO dos meus VIZINHOS RICOS ü§©,deu a Louca nos Gringos dos EUA üá∫üá∏",2023-11-22T21:33:23Z,UC77i_T1Lt_0bKOvnn4sPErg,Raquel Segal ,People & Blogs,47280,5960,0,571
3bxFvZZMV5M,ESSA ALIAN√áA VAI DOMINAR O CAOS NA IRMANDADE,2023-11-22T21:45:00Z,UCfSCj6pb_AMSszt73mqgP_Q,Lggj,Gaming,151907,16428,0,606
tO9srYMZZzw,A CONVERSA FINAL COM O FEITICEIRO NO MINECRAFT#3.24,2023-11-22T13:00:09Z,UCV306eHqgo0LvBf3Mh36AHg,Felipe Neto,Entertainment,1352755,118435,0,6726
OKcRvqJlQog,Dreamcatcher(ÎìúÎ¶ºÏ∫êÏ≥ê) 'OOTD' MV,2023-11-22T09:00:00Z,UCijULR2sXLutCRBtW3_WEfA,Dreamcatcher official,Music,17659509,135922,0,14677
QirKvGGOJwg,EPIS√ìDIO 01 - 2/5: A estreia mais esperada! | TEMP 02 | MASTERCHEF + (21/11/2023),2023-11-22T08:01:00Z,UC2EWGw-KBjEReUbXMJEiaCA,MasterChef Brasil,Entertainment,901918,13242,0,479
DjHURxv1Cgc,COCIELO E O SEU PASSADO DE INIMIGO DA¬†MODA¬†KKKKKKKK,2023-11-21T21:00:08Z,UCU7uY3wCPh9j39KXzOpqNaw,Julio Cocielo,Gaming,388308,53144,0,554
vKTJ0Xu4OcQ,"MC RYAN E GIOVANNA ROQUE JUNTINHOS, FALANDO SOBRE A FILHA, ZOE!!! #matheusmazzafera",2023-11-21T20:00:22Z,UCL7Bgplfmp-9hF1ghndgxng,Matheus Mazzafera,People & Blogs,237772,11335,0,84
bDHz1nDLY10,POD ENTRAR - Tour in√©dito pela mans√£o do RJ de Jade Picon com¬†Lucas¬†Rangel,2023-11-20T15:01:10Z,UCuUUWPHIioyfmctnDpwsFzw,POD DELAS,People & Blogs,2433991,116346,0,4333
8jsi2Tgvx6A,bj√∂rk ft. rosal√≠a : oral,2023-11-21T14:00:31Z,UCFbRdRGijPR4oBjQ0fVCSmw,bj√∂rk,Music,2623591,155866,0,7607
9AHHoRK1nQY,URUGUAY vs. BOLIVIA [3-0] | RESUMEN | ELIMINATORIAS SUDAMERICANAS | FECHA 6,2023-11-22T03:10:53Z,UCzU8-lZlRfkV3nj0RzAZdrQ,CONMEBOL,Sports,2269396,0,0,1488
65p2dasDTMU,VAMOS TER MAIS UM FILHO?!üò±,2023-11-20T21:00:04Z,UC9eXFedzizQtlY5snZ-IFkg,Sunaika Bruna,Entertainment,638507,55426,0,1176
MJSWjMIdQeE,COME√áAMOS CONSTRUIR O TOBO√ÅGUA DA MINHA CASA ABANDONADA!!,2023-11-21T16:51:16Z,UCjTVNkbx5megxlnl1spy2jg,Jully Molinna,Entertainment,292377,16561,0,603
_A-NWVupm2I,"TROQUEI AS MINHAS LENTES, MEUS DENTES NATURAIS EST√ÉO ASSIM...",2023-11-21T17:26:05Z,UCZfId64U0uXqaSsAQCsp7Qg,Evelyn Regly,Howto & Style,102306,7260,0,248
jadMjYY2HSw,SOBRE O FIM DO MEU RELACIONAMENTO ‚ù§Ô∏è‚Äçü©π,2023-11-20T21:32:49Z,UCpO4C7n86oFyCtlpiVPtcDA,By Pamella,Entertainment,381375,46867,0,1615
HU6rDJFPTAw,FUSC√ÉO PRETO INSANO no The Crew Motorfest,2023-11-21T22:00:12Z,UCYzp8-P162Em-3uZnCuGJOg,Games EduUu,Gaming,743416,107600,0,2641
PPQeqWgw0wI,"O √öLTIMO A SAIR DA SILVER TAPE, VENCE! (SUPER EXTREMO)",2023-11-21T15:00:07Z,UC2bYhAHyaqfWlPXWBVk4BcA,Enaldinho,Entertainment,1024830,27763,0,726
B1Iq3GYWLIw,Terra recebe mensagem vinda de milh√µes de km no espa√ßo,2023-11-22T01:00:08Z,UCGV72aVJuWP0QPNGH4YgIww,Olhar Digital,Science & Technology,220664,2344,0,144
aFNUDIFszCA,Evolui de Hacker Pobre at√© NIVEL M√ÅXIMO,2023-11-21T13:00:00Z,UCrcBZDofBltcgGxphNia2tw,Problems,Gaming,888062,21926,0,564
x7qi80nxio0,Harry Potter literalmente n√£o faz sentido algum,2023-11-20T15:00:56Z,UCKauw8sGYwEAZ2CMmrI34NQ,Seijinho,Comedy,352746,62600,0,2477
vmQdDTTtt1Y,TESTE: QUAL TIPO DE CRIAN√áA VOC√ä FOI?,2023-11-21T13:00:57Z,UCV306eHqgo0LvBf3Mh36AHg,Felipe Neto,Entertainment,791777,82160,0,3509
MqZqBkrOR7o,ENFEITES E ACABAMENTOS DE NATAL COM MATERIAS RECICL√ÅVEIS | CASA HICKMANN,2023-11-20T23:00:13Z,UCaEDMy0ItPSfPEvJf6wYIxw,Canal Ana Hickmann,People & Blogs,856887,56442,0,3510
o8Oan3SlWhI,"Kyan, Kayin, Danike e KayG - TRAP DE MALOKA (Fahel, 6EE, Nereszz)",2023-11-20T03:00:09Z,UClE9GGSO-HMiiKQUsHyJviA,EHXIS,People & Blogs,580277,42474,0,2112
XYsHgQjJSvk,OLHA ESSE LUGAR... VOC√ä TERIA CORAGEM DE ENTRAR A√ç??? ATR√ÅS DOS GIGANTES COM ISCA VIVA! Pescaria.,2023-11-20T12:00:25Z,UCFayRsJDx15WyMzZtll6EPQ,Fabio Fregona - BACA,People & Blogs,271346,16510,0,265
88zU6TbGiqY,Five Nights at Freddy's: Help Wanted 2 - Gameplay Release Trailer | PS VR2 Games,2023-11-20T18:00:04Z,UC-2Y8dQb0S6DtpxNgAKoJKA,PlayStation,Gaming,2002296,107721,0,3594
lSAgoddhDG0,Destaques da mec√¢nica de jogo da Temporada 2024 | League of Legends,2023-11-20T16:00:27Z,UC6Xqz2pm50gDCORYztqhDpg,League of Legends Brasil,Gaming,198525,23961,0,1314
G9s-SFLWqNs,LUTAMOS CONTRA A POMNI DO MAL! The amazing digital circus roblox,2023-11-21T21:00:07Z,UC3OGdttknCgXelktBVLKVKQ,MarcelinhaVR,Entertainment,166263,4038,0,65
JqwPCzJnYyY,"Stray Kids ""MEGAVERSE"" Video",2023-11-19T14:59:56Z,UC9rMiEjNaCSsebs31MRDCRA,Stray Kids,People & Blogs,8652156,916364,0,37319
4fzFtfhXOfA,Epis√≥dio Completo 10: A √∫ltima oportunidade de investimentos | 8¬™ Temporada | Shark Tank Brasil,2023-11-21T00:49:28Z,UCyJ-fWKmF40BQ1FNMMhTPxQ,Shark Tank Brasil,Entertainment,443810,9324,0,784
0M6GWLachlw,Javier Milei fala pela 1¬™ vez ap√≥s eleito: ‚ÄúHoje come√ßa o fim da decad√™ncia argentina‚Äù,2023-11-20T01:23:46Z,UCP391YRAjSOdM_bwievgaZA,Jovem Pan News,News & Politics,745325,40711,0,6331
Q9qSwDxF6YI,Race Highlights | 2023 Las Vegas Grand Prix,2023-11-19T09:17:05Z,UCB_qr75-ydFVKSF9Dmo6izg,FORMULA 1,Sports,7427538,136148,0,6925
I_5SS4OH_dU,Stray Kids - ‚ÄúS-Class‚Äù + ‚ÄúLALALALA‚Äù [2023 Billboard Music Awards],2023-11-20T03:20:00Z,UC9ZmFEgVwLieP6FZYtAsy9g,Billboard Music Awards,Entertainment,2193019,258410,0,8022
yiYWNxDpBng,E O NOSSO BEB√ä √â... üíúou üíô - Ch√° revela√ß√£o BABY YASLU,2023-11-19T23:00:34Z,UCALhHwp-p5PVkMLvCkwQvEw,Yasmin Castilho,Entertainment,217846,17082,0,423
z55XlgKzTOQ,MINHA EX ESTA COM CI√öMES DA NICOLLY,2023-11-20T23:15:01Z,UC-kGC1V88JMyT5ligmvPfdg,joao adur,People & Blogs,215620,9199,0,287
b9dQi78WSug,Worlds 2023: Grande Final,2023-11-19T12:03:05Z,UC48rkTlXjRd6pnqqBkdV0Mw,CBLOL,Gaming,460325,17939,0,241
tfyuDylW-Is,O ZANELLA INVADIU MEU QUARTO DE MADRUGADA E VIU O QUE N√ÉO QUERIA‚Ä¶,2023-11-19T21:30:04Z,UC6nYtmaMh43WUQW5YeopuNg,Eu voc√™ e n√≥s,Entertainment,819647,32861,0,1618
Tw0EKb0R28Y,"NewJeans - ""Super Shy"" + ""OMG"" [2023 Billboard Music Awards]",2023-11-20T01:50:00Z,UC9ZmFEgVwLieP6FZYtAsy9g,Billboard Music Awards,Entertainment,3515136,194596,0,5114
